blad;nr;zin_id;start;zinsdeel
1;1;45;0;Die film
1;2;304;4;aan de kijker
1;3;42;5;de tafel
1;4;300;2;mijn oom Kees
1;5;77;4;van internationale hulp
1;6;424;3;een goede vader te zijn
1;7;420;6;prachtig
1;8;309;6;aan ons huiswerk
1;9;403;5;mijn buurjongen
1;10;301;2;meneer Lu
1;11;5027;1;de kinderen
1;12;310;10;een nieuwe controller
1;13;16;4;niet
1;14;448;5;een eitje
1;15;319;4;gisteren
1;16;417;3;de toets
1;17;513;3;een gratis drankje
1;18;504;2;je tante
1;19;500;0;Dat boek
1;20;308;6;na alle gesprekken
1;21;144;5;ziek
1;22;308;2;mevrouw Van Vliet
1;23;315;5;over jouw toekomst
1;24;500;4;mijn zus
1;25;21;2;een spannend boek
1;26;318;0;Er
1;27;512;4;vaak
1;28;20;3;vers brood
1;29;414;5;op de bus
1;30;32;4;de krant
1;31;104;11;onderbelicht
1;32;90;5;een moeilijke klus
1;33;154;0;De leerlingen
1;34;5008;2;naar muziek
1;35;120;5;voorzitter van de vereniging
1;36;310;2;een ervaren gamer
1;37;466;3;in het lokaal
1;38;514;4;een lintje
1;39;305;9;met zijn voorganger
1;40;446;2;programmeur
1;41;108;6;volgens critici
1;42;24;4;Sara
1;43;142;2;hem
1;44;5019;1;jij
1;45;86;0;Onze leraar Nederlands
1;46;316;3;stil
1;47;415;6;altijd
1;48;113;4;een strenge maar rechtvaardige docent
1;49;306;8;inzicht in zijn herkomst
1;50;100;3;op het betere licht van de namiddag
1;51;24;0;Aan haar oma
1;52;516;4;ons
1;53;99;3;zijn moeder
1;54;91;8;als een meesterwerk
1;55;314;6;het meest realistische plan
1;56;81;3;de politicus
1;57;99;5;trots
1;58;140;3;de leraar
1;59;5025;2;mij
1;60;498;2;Daan
1;61;322;3;mijn moeder
1;62;427;10;tot uitstel
1;63;81;8;een gevaarlijke populist
1;64;49;5;lekkere koekjes
1;65;416;3;op hulp
1;66;469;0;Wie
1;67;5050;4;de weg
1;68;7;0;Mijn nichtje
1;69;438;3;op de bus
1;70;5045;0;Om acht uur
1;71;121;10;steeds gezelliger
1;72;497;2;de kinderen
1;73;501;3;de oude dame
1;74;334;0;Ik
1;75;73;6;een stuk groter
1;76;402;9;een oplossing
1;77;56;3;de presentatie
1;78;97;2;op een oplossing voor dit probleem
2;1;324;7;de hond
2;2;505;6;aan de klas
2;3;339;5;mij
2;4;65;3;de verdachte
2;5;305;6;de nieuwe minister
2;6;494;3;de spits
2;7;130;0;Er
2;8;461;3;aan de toets
2;9;5049;2;jullie
2;10;29;3;het antwoord
2;11;312;9;een belangrijke kanteling in het debat
2;12;5042;3;vals
2;13;129;0;Er
2;14;76;6;elke student
2;15;34;3;het duel
2;16;5034;4;de villa
2;17;118;3;voor mij
2;18;88;2;al maanden
2;19;515;3;een rooster
2;20;315;1;maar
2;21;5038;3;twee uur
2;22;327;9;op ons
2;23;27;0;De timmerman
2;24;29;5;aan de klas
2;25;442;3;aan de toets
2;26;448;2;voor deze mannen
2;27;35;2;Timo
2;28;128;0;Er
2;29;328;8;een grote verrassing
2;30;136;2;de boeken
2;31;453;2;deze snoeischaar
2;32;47;0;Onze hond
2;33;151;6;een knik
2;34;508;0;Hem
2;35;84;3;zijn assistent
2;36;507;4;een beker
2;37;322;5;een mooie ketting
2;38;126;4;in je agenda
2;39;510;0;Ons
2;40;317;0;Er
2;41;83;2;hem
2;42;15;6;twee geüniformeerde surveillanten
2;43;133;4;niemand
2;44;309;4;lastig
2;45;485;0;Wie
2;46;115;6;de laatste weken
2;47;122;6;een grote uitdaging
2;48;62;3;van de juf
2;49;311;12;aan een vastgelopen slee
2;50;67;2;hem
